id,created_at,updated_at,name,filename,gallery_id,service_id
1,,,Full Services 1,FS 1.jpg,1,1
2,,,Full Services 2,FS 2.jpg,1,2
3,,,Full Services 3,FS 3.jpg,1,3
4,,,Full Services 4,FS 4.jpg,1,4
5,,,Full Services 5,FS 5.jpg,1,5
6,,,Full Services 6,FS 6.jpg,1,6
7,,,Full Services 7,FS 7.jpg,1,7
8,,,Full Services 8,FS 8.jpg,1,8
32,,,Full Services 9,FS 9.jpg,1,9
33,,,Full Services 10,FS 10.jpg,1,10
34,,,Full Services 11,FS 11.jpg,1,11
35,,,Full Services 12,FS 12.jpg,1,12
9,,,Government 1,Government 1.jpg,2,1
10,,,Government 2,Government 2.jpg,2,2
11,,,Government 3,Government 3.jpg,2,3
12,,,Government 4,Government 4.jpg,2,4
13,,,Government 5,Government 5.jpg,2,5
14,,,Government 6,Government 6.jpg,2,6
15,,,Government 7,Government 7.jpg,2,7
16,,,Government 8,Government 8.jpg,2,8
17,,,Commercial 1,Commercial 1.jpg,3,1
18,,,Commercial 2,Commercial 2.jpg,3,2
19,,,Commercial 3,Commercial 3.jpg,3,3
20,,,Commercial 4,Commercial 4.jpg,3,4
21,,,Commercial 5,Commercial 5.jpg,3,5
22,,,Commercial 6,Commercial 6.jpg,3,6
23,,,Large Estate 1,Large Estate 1.jpg,4,1
24,,,Large Estate 2,Large Estate 2.jpg,4,2
25,,,Large Estate 3,Large Estate 3.jpg,4,3
26,,,Large Estate 4,Large Estate 4.jpg,4,4
27,,,Large Estate 5,Large Estate 5.jpg,4,5
28,,,Large Estate 6,Large Estate 6.jpg,4,6
29,,,Large Estate 7,Large Estate 7.jpg,4,7
30,,,Large Estate 8,Large Estate 8.jpg,4,8
31,,,Large Estate 9,Large Estate 9.jpg,4,9
